{ "books": [
    {"id":1,"name":"Genesis","chapters":50,"verses":1533,"chapter_verses":[31,25,24,26,32,22,24,22,29,32,32,20,18,24,21,16,27,33,38,18,34,24,20,67,34,35,46,22,35,43,54,33,20,31,29,43,36,30,23,23,57,38,34,34,28,34,31,22,33,26],"aliases":["gen","gn"]},
    {"id":2,"name":"Exodus","chapters":40,"verses":1213,"chapter_verses":[22,25,22,31,23,30,29,28,35,29,10,51,22,31,27,36,16,27,25,26,37,30,33,18,40,37,21,43,46,38,18,35,23,35,35,38,29,31,43,38],"aliases":[]},
    {"id":3,"name":"Leviticus","chapters":27,"verses":859,"chapter_verses":[17,16,17,35,26,23,38,36,24,20,47,8,59,57,33,34,16,30,37,27,24,33,44,23,55,46,34],"aliases":[]},
    {"id":4,"name":"Numbers","chapters":36,"verses":1288,"chapter_verses":[54,34,51,49,31,27,89,26,23,36,35,16,33,45,41,35,28,32,22,29,35,41,30,25,18,65,23,31,39,17,54,42,56,29,34,13],"aliases":[]},
    {"id":5,"name":"Deuteronomy","chapters":34,"verses":959,"chapter_verses":[46,37,29,49,33,25,26,20,29,22,32,31,19,29,23,22,20,22,21,20,23,29,26,22,19,19,26,69,28,20,30,52,29,12],"aliases":[]},
    {"id":6,"name":"Joshua","chapters":24,"verses":658,"chapter_verses":[18,24,17,24,15,27,26,35,27,43,23,24,33,15,63,10,18,28,51,9,45,34,16,33],"aliases":[]},
    {"id":7,"name":"Judges","chapters":21,"verses":618,"chapter_verses":[36,23,31,24,31,40,25,35,57,18,40,15,25,20,20,31,13,31,30,48,25],"aliases":[]},
    {"id":8,"name":"Ruth","chapters":4,"verses":85,"chapter_verses":[22,23,18,22],"aliases":[]},
    {"id":9,"name":"1 Samuel","chapters":31,"verses":810,"chapter_verses":[28,36,21,22,12,21,17,22,27,27,15,25,23,52,35,23,58,30,24,42,16,23,28,23,43,25,12,25,11,31,13],"aliases":[]},
    {"id":10,"name":"2 Samuel","chapters":24,"verses":695,"chapter_verses":[27,32,39,12,25,23,29,18,13,19,27,31,39,33,37,23,29,32,44,26,22,51,39,25],"aliases":[]},
    {"id":11,"name":"1 Kings","chapters":22,"verses":816,"chapter_verses":[53,46,28,34,18,38,51,66,28,29,43,33,34,31,34,34,24,46,21,43,29,53],"aliases":[]},
    {"id":12,"name":"2 Kings","chapters":25,"verses":719,"chapter_verses":[18,25,27,44,27,33,20,29,37,36,20,22,25,29,38,20,41,37,37,21,26,20,37,20,30],"aliases":[]},
    {"id":13,"name":"1 Chronicles","chapters":29,"verses":942,"chapter_verses":[54,55,24,43,26,81,40,40,44,14,47,40,14,17,29,43,27,17,19,8,30,19,32,31,31,32,34,21,30],"aliases":[]},
    {"id":14,"name":"2 Chronicles","chapters":36,"verses":822,"chapter_verses":[17,18,17,22,14,42,22,18,31,19,23,16,22,15,19,14,19,34,11,37,20,12,21,27,28,23,9,27,36,27,21,33,25,33,27,23],"aliases":[]},
    {"id":15,"name":"Ezra","chapters":10,"verses":280,"chapter_verses":[11,70,13,24,17,22,28,36,15,44],"aliases":[]},
    {"id":16,"name":"Nehemiah","chapters":13,"verses":406,"chapter_verses":[11,20,32,23,19,19,73,18,38,39,36,47,31],"aliases":[]},
    {"id":17,"name":"Esther","chapters":10,"verses":167,"chapter_verses":[22,23,15,17,14,14,10,17,32,3],"aliases":[]},
    {"id":18,"name":"Job","chapters":42,"verses":1070,"chapter_verses":[22,13,26,21,27,30,21,22,35,22,20,25,28,22,35,22,16,21,29,29,34,30,17,25,6,14,23,28,25,31,40,22,33,37,16,33,24,41,30,24,34,17],"aliases":[]},
    {"id":19,"name":"Psalms","chapters":150,"verses":2461,"chapter_verses":[6,12,8,8,12,10,17,9,20,18,7,8,6,7,5,11,15,50,14,9,13,31,6,10,22,12,14,9,11,12,24,11,22,22,28,12,40,22,13,17,13,11,5,26,17,11,9,14,20,23,19,9,6,7,23,13,11,11,17,12,8,12,11,10,13,20,7,35,36,5,24,20,28,23,10,12,20,72,13,19,16,8,18,12,13,17,7,18,52,17,16,15,5,23,11,13,12,9,9,5,8,28,22,35,45,48,43,13,31,7,10,10,9,8,18,19,2,29,176,7,8,9,4,8,5,6,5,6,8,8,3,18,3,3,21,26,9,8,24,13,10,7,12,15,21,10,20,14,9,6],"aliases":[]},
    {"id":20,"name":"Proverbs","chapters":31,"verses":915,"chapter_verses":[33,22,35,27,23,35,27,36,18,32,31,28,25,35,33,33,28,24,29,30,31,29,35,34,28,28,27,28,27,33,31],"aliases":[]},
    {"id":21,"name":"Ecclesiastes","chapters":12,"verses":222,"chapter_verses":[18,26,22,17,19,12,29,17,18,20,10,14],"aliases":[]},
    {"id":22,"name":"Song of Solomon","chapters":8,"verses":117,"chapter_verses":[17,17,11,16,16,12,14,14],"aliases":[]},
    {"id":23,"name":"Isaiah","chapters":66,"verses":1292,"chapter_verses":[31,22,26,6,30,13,25,22,21,34,16,6,22,32,9,14,14,7,25,6,17,25,18,23,12,21,13,29,24,33,9,20,24,17,10,22,38,22,8,31,29,25,28,28,25,13,15,22,26,11,23,15,12,17,13,12,21,14,21,22,11,12,19,12,25,24],"aliases":[]},
    {"id":24,"name":"Jeremiah","chapters":52,"verses":1364,"chapter_verses":[19,37,25,31,31,30,34,23,25,25,23,17,27,22,21,21,27,23,15,18,14,30,40,10,38,24,22,17,32,24,40,44,26,22,19,32,21,28,18,16,18,22,13,30,5,28,7,47,39,46,64,34],"aliases":[]},
    {"id":25,"name":"Lamentations","chapters":5,"verses":154,"chapter_verses":[22,22,66,22,22],"aliases":[]},
    {"id":26,"name":"Ezekiel","chapters":48,"verses":1273,"chapter_verses":[28,10,27,17,17,14,27,18,11,22,25,28,23,23,8,63,24,32,14,44,37,31,49,27,17,21,36,26,21,26,18,32,33,31,15,38,28,23,29,49,26,20,27,31,25,24,23,35],"aliases":[]},
    {"id":27,"name":"Daniel","chapters":12,"verses":357,"chapter_verses":[21,49,30,37,31,28,28,27,27,21,45,13],"aliases":[]},
    {"id":28,"name":"Hosea","chapters":14,"verses":197,"chapter_verses":[9,25,5,19,15,11,16,14,17,15,11,15,15,10],"aliases":[]},
    {"id":29,"name":"Joel","chapters":3,"verses":73,"chapter_verses":[20,32,21],"aliases":[]},
    {"id":30,"name":"Amos","chapters":9,"verses":146,"chapter_verses":[15,16,15,13,27,14,17,14,15],"aliases":[]},
    {"id":31,"name":"Obadiah","chapters":1,"verses":21,"chapter_verses":[21],"aliases":[]},
    {"id":32,"name":"Jonah","chapters":4,"verses":48,"chapter_verses":[16,11,10,11],"aliases":[]},
    {"id":33,"name":"Micah","chapters":7,"verses":105,"chapter_verses":[16,13,12,14,14,16,20],"aliases":[]},
    {"id":34,"name":"Nahum","chapters":3,"verses":47,"chapter_verses":[14,14,19],"aliases":[]},
    {"id":35,"name":"Habakkuk","chapters":3,"verses":56,"chapter_verses":[17,20,19],"aliases":[]},
    {"id":36,"name":"Zephaniah","chapters":3,"verses":53,"chapter_verses":[18,15,20],"aliases":[]},
    {"id":37,"name":"Haggai","chapters":2,"verses":38,"chapter_verses":[15,23],"aliases":[]},
    {"id":38,"name":"Zechariah","chapters":14,"verses":211,"chapter_verses":[17,17,10,14,11,15,14,23,17,12,17,14,9,21],"aliases":[]},
    {"id":39,"name":"Malachi","chapters":4,"verses":55,"chapter_verses":[14,17,18,6],"aliases":[]},
    {"id":40,"name":"Matthew","chapters":28,"verses":1071,"chapter_verses":[25,23,17,25,48,34,29,34,38,42,30,50,58,36,39,28,27,35,30,34,46,46,39,51,46,75,66,20],"aliases":[]},
    {"id":41,"name":"Mark","chapters":16,"verses":678,"chapter_verses":[45,28,35,41,43,56,37,38,50,52,33,44,37,72,47,20],"aliases":[]},
   {"id":42,"name": "Luke","chapters":24,"verses":1151,"chapter_verses":[80,52,38,44,39,49,50,56,62,42,54,59,35,35,32,31,37,43,48,47,38,71,56,53],"aliases":[]},
   {"id":43,"name": "John","chapters":21,"verses":879,"chapter_verses":[51,25,36,54,47,71,53,59,41,42,57,50,38,31,27,33,26,40,42,31,25],"aliases":[]},
   {"id":44,"name": "Acts","chapters":28,"verses":1007,"chapter_verses":[26,47,26,37,42,15,60,40,43,48,30,25,52,28,41,40,34,28,41,38,40,30,35,27,27,32,44,31],"aliases":[]},
   {"id":45,"name": "Romans","chapters":16,"verses":433,"chapter_verses":[32,29,31,25,21,23,25,39,33,21,36,21,14,23,33,27],"aliases":[]},
    {"id":46,"name":"1 Corinthians","chapters":16,"verses":437,"chapter_verses":[31,16,23,21,13,20,40,13,27,33,34,31,13,40,58,24],"aliases":[]},
    {"id":47,"name":"2 Corinthians","chapters":13,"verses":257,"chapter_verses":[24,17,18,18,21,18,16,24,15,18,33,21,14],"aliases":[]},
   {"id":48,"name": "Galatians","chapters":6,"verses":149,"chapter_verses":[24,21,29,31,26,18],"aliases":[]},
   {"id":49,"name": "Ephesians","chapters":6,"verses":155,"chapter_verses":[23,22,21,32,33,24],"aliases":[]},
    {"id":50,"name":"Philippians","chapters":4,"verses":104,"chapter_verses":[30,30,21,23],"aliases":[]},
    {"id":51,"name":"Colossians","chapters":4,"verses":95,"chapter_verses":[29,23,25,18],"aliases":[]},
    {"id":52,"name":"1 Thessalonians","chapters":5,"verses":89,"chapter_verses":[10,20,13,18,28],"aliases":[]},
    {"id":53,"name":"2 Thessalonians","chapters":3,"verses":47,"chapter_verses":[12,17,18],"aliases":[]},
   {"id":54,"name": "1 Timothy","chapters":6,"verses":113,"chapter_verses":[20,15,16,16,25,21],"aliases":[]},
    {"id":55,"name":"2 Timothy","chapters":4,"verses":83,"chapter_verses":[18,26,17,22],"aliases":[]},
    {"id":56,"name":"Titus","chapters":3,"verses":46,"chapter_verses":[16,15,15],"aliases":[]},
    {"id":57,"name":"Philemon","chapters":1,"verses":25,"chapter_verses":[25],"aliases":[]},
   {"id":58,"name": "Hebrews","chapters":13,"verses":303,"chapter_verses":[14,18,19,16,14,20,28,13,28,39,40,29,25],"aliases":[]},
   {"id":59,"name": "James","chapters":5,"verses":108,"chapter_verses":[27,26,18,17,20],"aliases":[]},
    {"id":60,"name":"1 Peter","chapters":5,"verses":105,"chapter_verses":[25,25,22,19,14],"aliases":[]},
    {"id":61,"name":"2 Peter","chapters":3,"verses":61,"chapter_verses":[21,22,18],"aliases":[]},
   {"id":62,"name": "1 John","chapters":5,"verses":105,"chapter_verses":[10,29,24,21,21],"aliases":[]},
   {"id":63,"name": "2 John","chapters":1,"verses":13,"chapter_verses":[13],"aliases":[]},
   {"id":64,"name": "3 John","chapters":1,"verses":14,"chapter_verses":[14],"aliases":[]},
   {"id":65,"name": "Jude","chapters":1,"verses":25,"chapter_verses":[25],"aliases":[]},
   {"id":66,"name": "Revelation","chapters":22,"verses":404,"chapter_verses":[20,29,22,11,14,17,17,13,21,11,19,17,18,20,8,21,18,24,21,15,27,21],"aliases":[]}
]
}